{"cameraMode":{"drawMode":0,"name":"Shaded","section":"Shading Mode"},"sceneLighting":true,"audioPlay":false,"sceneViewState":{"m_AlwaysRefresh":false,"showFog":true,"showSkybox":true,"showFlares":true,"showImageEffects":true,"showParticleSystems":true,"showVisualEffectGraphs":true,"m_FxEnabled":true},"in2DMode":false,"pivot":{"x":191.3177490234375,"y":1.394814133644104,"z":183.93804931640626},"rotation":{"x":-0.0007246353779919446,"y":-0.9987747073173523,"z":0.04828696325421333,"w":-0.014376741833984852},"size":16.198436737060548,"orthographic":false}