{"cameraMode":{"drawMode":0,"name":"Shaded","section":"Shading Mode"},"sceneLighting":true,"audioPlay":false,"sceneViewState":{"m_AlwaysRefresh":false,"showFog":true,"showSkybox":true,"showFlares":true,"showImageEffects":true,"showParticleSystems":true,"showVisualEffectGraphs":true,"m_FxEnabled":true},"in2DMode":false,"pivot":{"x":185.7695770263672,"y":1.2491559982299805,"z":192.96055603027345},"rotation":{"x":0.009483633562922478,"y":-0.9895550608634949,"z":0.07765541225671768,"w":0.12143740057945252},"size":12.461819648742676,"orthographic":false}